<routes>
    <vType id="veh_passenger" vClass="passenger" color="1,0,0" accel="2.0" decel="4.5" maxSpeed="35"/>
    <route id="loop_0" edges="406017688#1 406017688#2 -406017688#2 -406017688#1"/>
    <vehicle id="veh0" type="veh_passenger" route="loop_0" depart="0" repeat="true"/>
    <route id="loop_1" edges="1044796606#1 994826186#1 997663184 995191279#0 657291455#10 657291446#6 657291446#7"/>
    <vehicle id="veh1" type="veh_passenger" route="loop_1" depart="3" repeat="true"/>
    <route id="loop_2" edges="-406017696 406017700#11 -406017700#11 -406017700#10 -406017700#8 406017700#8 406017693 406017688#4"/>
    <vehicle id="veh2" type="veh_passenger" route="loop_2" depart="6" repeat="true"/>
    <route id="loop_3" edges="991892531#1 991892531#2 991892529#1 991892529#2"/>
    <vehicle id="veh3" type="veh_passenger" route="loop_3" depart="9" repeat="true"/>
    <route id="loop_4" edges="406017700#0 -406017688#8 406017688#8 406017700#1 -406017700#1 406017700#1 -406017700#1 -406017700#0"/>
    <vehicle id="veh4" type="veh_passenger" route="loop_4" depart="12" repeat="true"/>
    <!--<route id="loop_5" edges="1064520472#5 1064520472#6 174436341#6 174436341#7"/>
    <vehicle id="veh5" type="veh_passenger" route="loop_5" depart="15" repeat="true"/>
    <route id="loop_6" edges="-406017688#3 -406017698 -406017700#7 406017700#7 406017698 406017688#3"/>
    <vehicle id="veh6" type="veh_passenger" route="loop_6" depart="18" repeat="true"/>
    <route id="loop_7" edges="657291446#4-AddedOffRampEdge 657291446#5 657291455#11 657291455#12-AddedOnRampEdge 657291455#12 657291446#4"/>
    <vehicle id="veh7" type="veh_passenger" route="loop_7" depart="21" repeat="true"/>
    <route id="loop_8" edges="995167910#0 995167910#2 995167909#1 995167907#0"/>
    <vehicle id="veh8" type="veh_passenger" route="loop_8" depart="24" repeat="true"/>
    <route id="loop_9" edges="657291446#7 1044796606#1 657291455#9 657291455#10 657291446#6"/>
    <vehicle id="veh9" type="veh_passenger" route="loop_9" depart="27" repeat="true"/>
    <route id="loop_10" edges="241763353#3 1069899877#0 1069899877#1 241763353#1 241763353#2"/>
    <vehicle id="veh10" type="veh_passenger" route="loop_10" depart="30" repeat="true"/>
    <route id="loop_11" edges="992131718#1 609901242#7 609901242#8 609901242#9 174436341#6 174436341#7 996591194#4 714364105#0 714364105#0-AddedOffRampEdge 992131718#0"/>
    <vehicle id="veh11" type="veh_passenger" route="loop_11" depart="33" repeat="true"/>
    <route id="loop_12" edges="992140414#1 992140414#2 949901088#0 949901088#1 949901088#2"/>
    <vehicle id="veh12" type="veh_passenger" route="loop_12" depart="36" repeat="true"/>
    <route id="loop_13" edges="1069899873#0 991892532#4 991892532#5 991892532#6"/>
    <vehicle id="veh13" type="veh_passenger" route="loop_13" depart="39" repeat="true"/>
    <route id="loop_14" edges="994826194#2 991892525#1 1007669804#0 1007669804#1 994826192#1 949901081 1381995311 994826194#1"/>
    <vehicle id="veh14" type="veh_passenger" route="loop_14" depart="42" repeat="true"/>
    <route id="loop_15" edges="198922195#4 198922195#5 1381995313 198922195#1 198922195#2 198922195#3"/>
    <vehicle id="veh15" type="veh_passenger" route="loop_15" depart="45" repeat="true"/>
    <route id="loop_16" edges="988859039#2 241763355#5 989161827#1 989161827#2 658030506#0 658030506#1 994842972#0 994842972#1 949901080#2 988859039#1"/>
    <vehicle id="veh16" type="veh_passenger" route="loop_16" depart="48" repeat="true"/>
    <route id="loop_17" edges="949901085 875015283#1 875015283#2 949901089#1 991892534#1 991892536#1 994826191#0 994826191#1 994826191#2"/>
    <vehicle id="veh17" type="veh_passenger" route="loop_17" depart="51" repeat="true"/>
    <route id="loop_18" edges="993404047#0 993404047#2 994826188 994842972#0 994842973 989161830 993404046#0 993404046#2 994842976"/>
    <vehicle id="veh18" type="veh_passenger" route="loop_18" depart="54" repeat="true"/>
    <route id="loop_19" edges="988853940#2 988853940#3 988853949 988853946#1 988853946#2 988853940#1"/>
    <vehicle id="veh19" type="veh_passenger" route="loop_19" depart="57" repeat="true"/>-->
</routes>
