<routes>
    <vType id="veh_passenger" vClass="passenger" color="1,0,0" accel="2.0" decel="4.5" maxSpeed="3"/>
    <route id="loop_0" edges="1064520472#11 991892544#1 995191280#0 1064520472#11"/>
    <vehicle id="veh0" type="veh_passenger" route="loop_0" depart="0" repeat="true"/>
    <route id="loop_1" edges="994826183#1 1044796614#1 991892538#3 991892544#5 949901085 994826183#1"/>
    <vehicle id="veh1" type="veh_passenger" route="loop_1" depart="3" repeat="true"/>
    <route id="loop_2" edges="991892546#1 1007669805#1 1064520472#6 216727071#5 996558439#1 991892544#3 174436341#9 991892546#1"/>
    <vehicle id="veh2" type="veh_passenger" route="loop_2" depart="6" repeat="true"/>
    <!--<route id="loop_3" edges="1008407487#0 991892544#5 657291455#6 1008407488 1064388526#1 997663174#1 714364105#6 1008407487#0"/>
    <vehicle id="veh3" type="veh_passenger" route="loop_3" depart="9" repeat="true"/>
    <route id="loop_4" edges="995191278#0 657855386#0 996591194#2 992131716#0 997663186#1 996558440#0 995191278#0"/>
    <vehicle id="veh4" type="veh_passenger" route="loop_4" depart="12" repeat="true"/>
    <route id="loop_5" edges="657855386#1 1281782320#2 657291455#7 657855389#0 -406017688#8 617525858#1 216727071#8 991892544#6 657855386#1"/>
    <vehicle id="veh5" type="veh_passenger" route="loop_5" depart="15" repeat="true"/>
    <route id="loop_6" edges="991892536#1 995167907#13 991892547#2 -406017688#1 991892536#1"/>
    <vehicle id="veh6" type="veh_passenger" route="loop_6" depart="18" repeat="true"/>
    <route id="loop_7" edges="-406017693 994826191#0 1281782312#1 -406017693"/>
    <vehicle id="veh7" type="veh_passenger" route="loop_7" depart="21" repeat="true"/>
    <route id="loop_8" edges="657291455#12-AddedOnRampEdge -406017700#14 -406017700#2 657291455#12-AddedOnRampEdge"/>
    <vehicle id="veh8" type="veh_passenger" route="loop_8" depart="24" repeat="true"/>
    <route id="loop_9" edges="-406017700#1 216727071#2 406017691 1064843218 995167907#0 -406017688#1 -406017700#1"/>
    <vehicle id="veh9" type="veh_passenger" route="loop_9" depart="27" repeat="true"/>
    <route id="loop_10" edges="994826189 993404047#2 992131718#0 -406017700#0 1044796606#0 216727071#3 995191280#0 994826189"/>
    <vehicle id="veh10" type="veh_passenger" route="loop_10" depart="30" repeat="true"/>
    <route id="loop_11" edges="995167907#13 714364105#8 991892528#3 995167907#13"/>
    <vehicle id="veh11" type="veh_passenger" route="loop_11" depart="33" repeat="true"/>
    <route id="loop_12" edges="991892532#2 657855382#0 995191283#1 991892532#2"/>
    <vehicle id="veh12" type="veh_passenger" route="loop_12" depart="36" repeat="true"/>
    <route id="loop_13" edges="-406017688#6 -406017700#14 1064388525 -406017691 995191278#1 -406017688#6"/>
    <vehicle id="veh13" type="veh_passenger" route="loop_13" depart="39" repeat="true"/>
    <route id="loop_14" edges="241763356#1 991892552#1 991892534#0 -406017697#1 991892539#1 241763356#1"/>
    <vehicle id="veh14" type="veh_passenger" route="loop_14" depart="42" repeat="true"/>
    <route id="loop_15" edges="1064520474 988859039#4 993404047#0 1064520474"/>
    <vehicle id="veh15" type="veh_passenger" route="loop_15" depart="45" repeat="true"/>
    <route id="loop_16" edges="1207757862 1044796616#1 991892526#8 657291455#6-AddedOffRampEdge 1207757862"/>
    <vehicle id="veh16" type="veh_passenger" route="loop_16" depart="48" repeat="true"/>
    <route id="loop_17" edges="406017688#6 949901088#2 995191281#0 -406017688#7 994826183#1 406017688#6"/>
    <vehicle id="veh17" type="veh_passenger" route="loop_17" depart="51" repeat="true"/>
    <route id="loop_18" edges="949901085 949901083 1044796614#0 997356227 406017704 949901088#0 949901092#1 995167910#4 949901085"/>
    <vehicle id="veh18" type="veh_passenger" route="loop_18" depart="54" repeat="true"/>
    <route id="loop_19" edges="-406017700#13 991892543#1 949901088#1 657291446#12-AddedOffRampEdge -406017700#13"/>
    <vehicle id="veh19" type="veh_passenger" route="loop_19" depart="57" repeat="true"/>-->
</routes>
