<routes>
    <vType id="veh_passenger" vClass="passenger" color="1,0,0" accel="2.0" decel="4.5" maxSpeed="35"/>

    <!-- 静态路线定义（一个 route 对应原来一个 trip 的路径） -->
    <route id="route_0" edges="714364105#6-AddedOnRampEdge -406017700#4"/>
    <route id="route_1" edges="174436341#12 1281782320#2"/>
    <route id="route_2" edges="467731721#4 -467072171#0"/>
    <route id="route_3" edges="-406017700#13 1064843218"/>
    <route id="route_4" edges="714364106#4 657291446#2"/>
    <route id="route_5" edges="1064388526#0 657291455#2"/>
    <route id="route_6" edges="991892547#2 -406017688#3"/>
    <route id="route_7" edges="991892544#6 988853949"/>
    <route id="route_8" edges="467072171#0 1008407487#2"/>
     <route id="route_9" edges="997356221 467098412#0"/>

    <!-- 车辆定义，使用固定 ID 和明确 depart 时间 -->
    <vehicle id="veh0" type="veh_passenger" route="route_0" depart="0" repeat="true"/>
    <vehicle id="veh1" type="veh_passenger" route="route_1" depart="3" repeat="true"/>
    <vehicle id="veh2" type="veh_passenger" route="route_2" depart="6" repeat="true"/>
    <vehicle id="veh3" type="veh_passenger" route="route_3" depart="9" repeat="true"/>
    <vehicle id="veh4" type="veh_passenger" route="route_4" depart="12" repeat="true"/>
    <vehicle id="veh5" type="veh_passenger" route="route_5" depart="15" repeat="true"/>
    <vehicle id="veh6" type="veh_passenger" route="route_6" depart="18" repeat="true"/>
    <vehicle id="veh7" type="veh_passenger" route="route_7" depart="21" repeat="true"/>
    <vehicle id="veh8" type="veh_passenger" route="route_8" depart="24" repeat="true"/>
    <vehicle id="veh9" type="veh_passenger" route="route_9" depart="27" repeat="true"/>
</routes>
