<routes>
    <vType id="veh_passenger" vClass="passenger" color="1,0,0" accel="2.0" decel="4.5" maxSpeed="3"/>
    <route id="loop_0" edges="995191282#1 995191282#2 995167907#0 995191284#0 995191284#1 995191284#2 995191285#0 991892526#0 995191285#0 995191282#0"/>
    <vehicle id="veh0" type="veh_passenger" route="loop_0" depart="0" repeat="true"/>
    <route id="loop_1" edges="949901087#1 949901087#2 991892547#1 991892547#2 991892547#3 949901090#1 949901090#2 949901090#3 991892540#0"/>
    <vehicle id="veh1" type="veh_passenger" route="loop_1" depart="3" repeat="true"/>
    <route id="loop_2" edges="949901083 996567365#1 996567365#2 996567365#3"/>
    <vehicle id="veh2" type="veh_passenger" route="loop_2" depart="6" repeat="true"/>
    <route id="loop_3" edges="406017688#3 -406017693 -406017700#8 406017698"/>
    <vehicle id="veh3" type="veh_passenger" route="loop_3" depart="9" repeat="true"/>
    <route id="loop_4" edges="988859039#5 995191285#2 995191285#3 657855389#0 657855389#1 996558441#0 996558441#1 996591194#0 988859039#4"/>
    <vehicle id="veh4" type="veh_passenger" route="loop_4" depart="12" repeat="true"/>
    <route id="loop_5" edges="997356222 997356221 997356219 1064520474"/>
    <!--<vehicle id="veh5" type="veh_passenger" route="loop_5" depart="15" repeat="true"/>
    <route id="loop_6" edges="949901084#1 949901084#2 991892546#1 949901084#0"/>
    <vehicle id="veh6" type="veh_passenger" route="loop_6" depart="18" repeat="true"/>
    <route id="loop_7" edges="949901089#1 991892534#1 991892536#1 875015283#1 875015283#2"/>
    <vehicle id="veh7" type="veh_passenger" route="loop_7" depart="21" repeat="true"/>
    <route id="loop_8" edges="949901088#0 949901088#1 949901088#2 949901088#4 991892534#0 949901089#2 992140414#0 992140414#1 992140414#2"/>
    <vehicle id="veh8" type="veh_passenger" route="loop_8" depart="24" repeat="true"/>
    <route id="loop_9" edges="1069899877#0 1069899877#1 241763353#1 241763353#2 241763353#3"/>
    <vehicle id="veh9" type="veh_passenger" route="loop_9" depart="27" repeat="true"/>
    <route id="loop_10" edges="991892531#1 991892531#2 991892534#0 949901089#2 991892529#1 991892529#2"/>
    <vehicle id="veh10" type="veh_passenger" route="loop_10" depart="30" repeat="true"/>
    <route id="loop_11" edges="995523317#1 949901093#4 949901093#5 995523317#0"/>
    <vehicle id="veh11" type="veh_passenger" route="loop_11" depart="33" repeat="true"/>
    <route id="loop_12" edges="406017688#5 -406017690 -406017700#11 406017696"/>
    <vehicle id="veh12" type="veh_passenger" route="loop_12" depart="36" repeat="true"/>
    <route id="loop_13" edges="949901093#2 949901093#4 949901093#5 995523317#0 995523317#1 995523317#3"/>
    <vehicle id="veh13" type="veh_passenger" route="loop_13" depart="39" repeat="true"/>
    <route id="loop_14" edges="988853946#1 988853946#2 988853940#1 988853940#2 988853940#3 988853949"/>
    <vehicle id="veh14" type="veh_passenger" route="loop_14" depart="42" repeat="true"/>
    <route id="loop_15" edges="994842972#1 1064843221#0 1064843221#1 949901080#1 949901080#2"/>
    <vehicle id="veh15" type="veh_passenger" route="loop_15" depart="45" repeat="true"/>
    <route id="loop_16" edges="1064520474 997356222 997356221 997356219"/>
    <vehicle id="veh16" type="veh_passenger" route="loop_16" depart="48" repeat="true"/>
    <route id="loop_17" edges="216727071#3 991842182#2 991892527#0 1007669798#0 874798692#0 874798692#1 216727071#5 995167907#8 995167907#10"/>
    <vehicle id="veh17" type="veh_passenger" route="loop_17" depart="51" repeat="true"/>
    <route id="loop_18" edges="1069899873#3 991892532#1 991892532#2 1069899873#2"/>
    <vehicle id="veh18" type="veh_passenger" route="loop_18" depart="54" repeat="true"/>
    <route id="loop_19" edges="241763356#1 949901092#0 949901092#1 241763356#0"/>
    <vehicle id="veh19" type="veh_passenger" route="loop_19" depart="57" repeat="true"/>-->
</routes>
