<?xml version='1.0' encoding='utf-8'?>
<additional>
    <poi id="RSU0" x="590.90" y="405.77" type="RSU" />
    <poi id="RSU1" x="590.90" y="811.54" type="RSU" />
    <poi id="RSU2" x="590.90" y="1217.32" type="RSU" />
    <poi id="RSU3" x="1181.81" y="405.77" type="RSU" />
    <poi id="RSU4" x="1181.81" y="811.54" type="RSU" />
    <poi id="RSU5" x="1181.81" y="1217.32" type="RSU" />
    <poi id="RSU6" x="1772.71" y="405.77" type="RSU" />
    <poi id="RSU7" x="1772.71" y="811.54" type="RSU" />
    <poi id="RSU8" x="1772.71" y="1217.32" type="RSU" />
</additional>