<?xml version="1.0" encoding="UTF-8"?>

<!-- generated on 2025-08-22 15:51:58 by Eclipse SUMO sumo Version 1.23.1
<sumoConfiguration xmlns:xsi="http://www.w3.org/2001/XMLSchema-instance" xsi:noNamespaceSchemaLocation="http://sumo.dlr.de/xsd/sumoConfiguration.xsd">

    <input>
        <net-file value="sumo_config/osm.net.xml.gz"/>
        <route-files value="sumo_config/fixed_routes_auto.rou.xml"/>
        <additional-files value="sumo_config/osm.poly.xml.gz,sumo_config/output.add.xml,sumo_config/ rsu.add.xml"/>
    </input>

    <output>
        <tripinfo-output value="sumo_config/tripinfos.xml"/>
        <statistic-output value="sumo_config/stats.xml"/>
    </output>

    <processing>
        <ignore-route-errors value="true"/>
        <time-to-teleport value="-1"/>
        <tls.actuated.jam-threshold value="30"/>
    </processing>

    <routing>
        <device.rerouting.adaptation-steps value="18"/>
        <device.rerouting.adaptation-interval value="10"/>
    </routing>

    <report>
        <verbose value="true"/>
        <duration-log.statistics value="true"/>
        <no-step-log value="true"/>
    </report>

    <traci_server>
        <remote-port value="49804"/>
    </traci_server>

    <gui_only>
        <gui-settings-file value="sumo_config/osm.view.xml"/>
    </gui_only>

</sumoConfiguration>
-->

<tripinfos xmlns:xsi="http://www.w3.org/2001/XMLSchema-instance" xsi:noNamespaceSchemaLocation="http://sumo.dlr.de/xsd/tripinfo_file.xsd">
</tripinfos>
